https://dev-file-v2.goodduck.xyz/feed/origin/251804e74b2cb73834e362dfa9485f8a41ef6893d41f9a3da2f71f4e53cddd30.png,Embers (ARC WORLD TOUR 2025-2026 FINALS Official Anthem)
https://dev-file-v2.goodduck.xyz/feed/origin/84dba28abf1a63175b47e3bb314af5a87fd08213282aabe6fd2c018b67bc9318.png,When The Lights Out
https://dev-file-v2.goodduck.xyz/feed/origin/2580fe1b853d3abe3cde8167ec557d7f8cba6d766cf53866be8d78f0d550b4f3.png,Player 1
https://dev-file-v2.goodduck.xyz/feed/origin/4ddfee72775ea404d86546559477c188d3315bc00c4f9feaefb0b0159dacd389.png,Not But Disco
https://dev-file-v2.goodduck.xyz/feed/origin/49c0193d39f0439b44873229ea45cffe6b1153a1723e7cdad25c3b57b584d0d6.png,No Doubt
https://dev-file-v2.goodduck.xyz/feed/origin/9d953807d566543d888ee16c537d6a951029c0881bb8ab9e72ce51a07f0fe7c5.png,Havin’ a Good Time
https://dev-file-v2.goodduck.xyz/feed/origin/2030b84681b27a2b270b4038d0fd0d8fc45fb1572a3bdd2b71ce7de6f71060ec.png,Winter’s Glow
https://dev-file-v2.goodduck.xyz/feed/origin/46ca3da4260ef8a07a81060d62233c3d5173a0d9ac4d3cf58cbda0d5f1b13179.jpg,Inside Out
https://dev-file-v2.goodduck.xyz/feed/origin/0ac0bd9b710f28c8d05c1cc1f67c07f4a35eefbb6d76b53a2d22186d25b3b9ec.png,PARTY
https://dev-file-v2.goodduck.xyz/feed/origin/f51656107e3be709910c56cd39fb04687599f8ea996dc7748af91508b1362fd5.png,별밤지기
https://dev-file-v2.goodduck.xyz/feed/origin/a5507936e6297a4f9c65c72f044d53553afef105ac1edf57385bfad1c93f2dc3.png,Chill